{
  "mae": [
    0.034254200756549835,
    0.03274194523692131,
    0.02632722817361355
  ],
  "rmse": [
    0.0637412965297699,
    0.060341764241456985,
    0.051048506051301956
  ],
  "l2_mean": 0.06219584494829178,
  "latency_ms_per_sample": 0.027262589996391886,
  "throughput_samples_per_s": 36680.30073930418,
  "n_samples": 597958
}