k,axis,mse,T
1,all,0.015134324319660664,2000
2,all,0.030479436740279198,2000
3,all,0.049345359206199646,2000
4,all,0.06905140727758408,2000
