k,axis,mse,T
1,all,0.02747656185561279,2000
2,all,0.06750214041656205,2000
3,all,0.11527854842706023,2000
4,all,0.1626720259699725,2000
