{
  "mae": [
    0.053701816796336524,
    0.047948162467135395,
    0.05371838215353021
  ],
  "rmse": [
    0.0981879898451886,
    0.09735689901564272,
    0.09883449278851887
  ],
  "l2_mean": 0.10323660589266861,
  "n_samples": 604338,
  "runtime_s": 2.463,
  "throughput_sps": 245339.5,
  "throughput_samples_per_s": 245339.5,
  "latency_ms_per_sample": 0.004075984631111465
}