{
  "mae": [
    0.07499666512012482,
    0.08246203511953354,
    0.07053732126951218
  ],
  "rmse": [
    0.1249753087759018,
    0.13898678123950958,
    0.12108778208494186
  ],
  "l2_mean": 0.15193966031074524,
  "latency_ms_per_sample": 0.026157960442354678,
  "throughput_samples_per_s": 38229.2802301517,
  "n_samples": 595122
}