{
  "mae": [
    0.07915288209915161,
    0.09319975972175598,
    0.08099313080310822
  ],
  "rmse": [
    0.22403469681739807,
    0.2605098783969879,
    0.20126160979270935
  ],
  "l2_mean": 0.1709446758031845,
  "latency_ms_per_sample": 0.22868428027933235,
  "throughput_samples_per_s": 4372.841013726541,
  "n_samples": 65934
}