k,axis,mse,T
1,all,0.004612843040376902,2000
2,all,0.01367759145796299,2000
3,all,0.022956760600209236,2000
4,all,0.035436395555734634,2000
