{
  "mae": [
    0.044403448700904846,
    0.04171350225806236,
    0.03347858786582947
  ],
  "rmse": [
    0.11941785365343094,
    0.1291918158531189,
    0.09234584122896194
  ],
  "l2_mean": 0.08001121133565903,
  "latency_ms_per_sample": 0.22104458392835555,
  "throughput_samples_per_s": 4523.974223788798,
  "n_samples": 66174
}