k,axis,mse,T
1,all,0.014125481247901917,2000
2,all,0.028327124193310738,2000
3,all,0.04652632027864456,2000
4,all,0.06865823268890381,2000
