{
  "mae": [
    0.06491456925868988,
    0.07223744690418243,
    0.062240418046712875
  ],
  "rmse": [
    0.1674891710281372,
    0.19709981977939606,
    0.15398237109184265
  ],
  "l2_mean": 0.13332290947437286,
  "latency_ms_per_sample": 0.22520127007284754,
  "throughput_samples_per_s": 4440.47229252536,
  "n_samples": 65994
}