{
  "mae": [
    0.08249787241220474,
    0.09778342396020889,
    0.08603988587856293
  ],
  "rmse": [
    0.23666422069072723,
    0.26665645837783813,
    0.21989236772060394
  ],
  "l2_mean": 0.17975758016109467,
  "latency_ms_per_sample": 0.3431648682299724,
  "throughput_samples_per_s": 2914.0512114714747,
  "n_samples": 65934
}