{
  "mae": [
    0.04982199924462428,
    0.05048479527149412,
    0.04657601202492632
  ],
  "rmse": [
    0.140518357884305,
    0.1299044498692036,
    0.11479210062226741
  ],
  "l2_mean": 0.0992541398139482,
  "n_samples": 66713,
  "runtime_s": 1.862,
  "throughput_sps": 35828.2,
  "throughput_samples_per_s": 35828.2,
  "latency_ms_per_sample": 0.027911008349142438
}