{
  "mae": [
    0.040860358625650406,
    0.04049106687307358,
    0.03530437871813774
  ],
  "rmse": [
    0.0749012902379036,
    0.07166213542222977,
    0.06084832549095154
  ],
  "l2_mean": 0.07765495032072067,
  "latency_ms_per_sample": 0.026343859408812995,
  "throughput_samples_per_s": 37959.51020242171,
  "n_samples": 597958
}