{
  "mae": [
    0.052853405475616455,
    0.05455847829580307,
    0.04716474935412407
  ],
  "rmse": [
    0.09342195093631744,
    0.09703284502029419,
    0.08405226469039917
  ],
  "l2_mean": 0.10271109640598297,
  "latency_ms_per_sample": 0.027192884024580796,
  "throughput_samples_per_s": 36774.326661933235,
  "n_samples": 595831
}