{
  "mae": [
    0.08476169407367706,
    0.0967329815030098,
    0.08691161870956421
  ],
  "rmse": [
    0.13947978615760803,
    0.16621968150138855,
    0.14524903893470764
  ],
  "l2_mean": 0.1788598597049713,
  "latency_ms_per_sample": 0.028464721456336058,
  "throughput_samples_per_s": 35131.20623835954,
  "n_samples": 592995
}