{
  "mae": [
    0.0738440454006195,
    0.07949677854776382,
    0.06867469102144241
  ],
  "rmse": [
    0.12279532849788666,
    0.13687995076179504,
    0.11695357412099838
  ],
  "l2_mean": 0.14748415350914001,
  "latency_ms_per_sample": 0.026927253532153913,
  "throughput_samples_per_s": 37137.09602079904,
  "n_samples": 595122
}