k,axis,mse,T
1,all,0.004970453213900328,2000
2,all,0.01795799471437931,2000
3,all,0.03631734475493431,2000
4,all,0.05759359523653984,2000
