k,axis,mse,T
1,all,0.011055303737521172,2000
2,all,0.02414335310459137,2000
3,all,0.04167824238538742,2000
4,all,0.061683859676122665,2000
