{
  "mae": [
    0.1481565684080124,
    0.165923610329628,
    0.14878571033477783
  ],
  "rmse": [
    0.45063516497612,
    0.42007577419281006,
    0.35814034938812256
  ],
  "l2_mean": 0.3148110508918762,
  "n_samples": 66710,
  "runtime_s": 0.674,
  "throughput_sps": 98908.5,
  "throughput_samples_per_s": 98908.5,
  "latency_ms_per_sample": 0.01011035676802038
}