{
  "mae": [
    0.0810193419456482,
    0.0998426079750061,
    0.08970645070075989
  ],
  "rmse": [
    0.2136208862066269,
    0.2655942440032959,
    0.2041349709033966
  ],
  "l2_mean": 0.181944340467453,
  "latency_ms_per_sample": 0.22184764665233414,
  "throughput_samples_per_s": 4507.597962340064,
  "n_samples": 65934
}