{
  "mae": [
    0.05763544887304306,
    0.06150829792022705,
    0.040822193026542664
  ],
  "rmse": [
    0.14504137635231018,
    0.15424774587154388,
    0.11231977492570877
  ],
  "l2_mean": 0.10708663612604141,
  "latency_ms_per_sample": 0.22476261683213952,
  "throughput_samples_per_s": 4449.138447016901,
  "n_samples": 66174
}