{
  "mae": [
    0.09238564223051071,
    0.11481941491365433,
    0.10600804537534714
  ],
  "rmse": [
    0.277679443359375,
    0.3209931552410126,
    0.2545681595802307
  ],
  "l2_mean": 0.21211649477481842,
  "latency_ms_per_sample": 0.2262315434232138,
  "throughput_samples_per_s": 4420.250089216291,
  "n_samples": 65754
}