{
  "mae": [
    0.06387007236480713,
    0.06734168529510498,
    0.06357695907354355
  ],
  "rmse": [
    0.10955147445201874,
    0.11440276354551315,
    0.0981636717915535
  ],
  "l2_mean": 0.1293829381465912,
  "latency_ms_per_sample": 0.02666734274011842,
  "throughput_samples_per_s": 37499.04929581144,
  "n_samples": 595831
}