{
  "mae": [
    0.16714651796473204,
    0.16038609335578358,
    0.18739400876846984
  ],
  "rmse": [
    0.27614069924046486,
    0.2927830593185498,
    0.31986734181420795
  ],
  "l2_mean": 0.34285677043306567,
  "n_samples": 604335,
  "runtime_s": 2.589,
  "throughput_sps": 233388.3,
  "throughput_samples_per_s": 233388.3,
  "latency_ms_per_sample": 0.004284705502754566
}