{
  "mae": [
    0.138350248336792,
    0.12722070515155792,
    0.1483651101589203
  ],
  "rmse": [
    0.2352023422718048,
    0.2351640909910202,
    0.2552071213722229
  ],
  "l2_mean": 0.2754208445549011,
  "n_samples": 604336,
  "runtime_s": 2.942,
  "throughput_sps": 205410.0,
  "throughput_samples_per_s": 205410.0,
  "latency_ms_per_sample": 0.0048683123295440766
}