{
  "mae": [
    0.04637245088815689,
    0.04731274023652077,
    0.04004012420773506
  ],
  "rmse": [
    0.12061411142349243,
    0.1338595151901245,
    0.10239855945110321
  ],
  "l2_mean": 0.08903713524341583,
  "latency_ms_per_sample": 0.236467229151555,
  "throughput_samples_per_s": 4228.9157934822615,
  "n_samples": 66174
}