{
  "mae": [
    0.08966560661792755,
    0.10107676684856415,
    0.0909581109881401
  ],
  "rmse": [
    0.1442124992609024,
    0.16978313028812408,
    0.15149922668933868
  ],
  "l2_mean": 0.18778249621391296,
  "latency_ms_per_sample": 0.02734520909219302,
  "throughput_samples_per_s": 36569.47718441462,
  "n_samples": 592995
}