{
  "mae": [
    0.05820111930370331,
    0.05883006006479263,
    0.05103777348995209
  ],
  "rmse": [
    0.09862255305051804,
    0.10111931711435318,
    0.08816134184598923
  ],
  "l2_mean": 0.11137659102678299,
  "latency_ms_per_sample": 0.02632677978057117,
  "throughput_samples_per_s": 37984.13662190419,
  "n_samples": 595831
}