k,axis,mse,T
1,all,0.004840006120502949,2000
2,all,0.012400447390973568,2000
3,all,0.019691096618771553,2000
4,all,0.03379189968109131,2000
