{
  "mae": [
    0.07049079984426498,
    0.0765216052532196,
    0.0683036521077156
  ],
  "rmse": [
    0.1881016343832016,
    0.21684084832668304,
    0.1618701070547104
  ],
  "l2_mean": 0.14455409348011017,
  "latency_ms_per_sample": 0.22418209006216475,
  "throughput_samples_per_s": 4460.659634865141,
  "n_samples": 65994
}