k,axis,mse,T
1,all,0.003909924998879433,2000
2,all,0.009586414322257042,2000
3,all,0.018468284979462624,2000
4,all,0.027943488210439682,2000
