{
  "mae": [
    0.0901535376906395,
    0.0946718081831932,
    0.08688322454690933
  ],
  "rmse": [
    0.2602245807647705,
    0.24184034764766693,
    0.20938526093959808
  ],
  "l2_mean": 0.18387362360954285,
  "n_samples": 66712,
  "runtime_s": 0.514,
  "throughput_sps": 129844.3,
  "throughput_samples_per_s": 129844.3,
  "latency_ms_per_sample": 0.007701528960499007
}