{
  "mae": [
    0.03540853410959244,
    0.035414837300777435,
    0.029133861884474754
  ],
  "rmse": [
    0.0661257803440094,
    0.06469014286994934,
    0.05431833863258362
  ],
  "l2_mean": 0.06646782904863358,
  "latency_ms_per_sample": 0.026902578951510808,
  "throughput_samples_per_s": 37171.15752368572,
  "n_samples": 597958
}