{
  "mae": [
    0.09041380990779331,
    0.0950358306755936,
    0.08707213219213221
  ],
  "rmse": [
    0.2605933202880141,
    0.24243178382223987,
    0.20971384448417513
  ],
  "l2_mean": 0.18443656990175072,
  "n_samples": 66712,
  "runtime_s": 1.879,
  "throughput_sps": 35502.0,
  "throughput_samples_per_s": 35502.0,
  "latency_ms_per_sample": 0.02816743164656001
}