k,axis,mse,T
1,all,0.018346091732382774,2000
2,all,0.06077679619193077,2000
3,all,0.11195098608732224,2000
4,all,0.16384263336658478,2000
