{
  "mae": [
    0.12255138903856277,
    0.13329674303531647,
    0.1208668202161789
  ],
  "rmse": [
    0.36305665969848633,
    0.33845874667167664,
    0.29003915190696716
  ],
  "l2_mean": 0.25541049242019653,
  "n_samples": 66711,
  "runtime_s": 0.443,
  "throughput_sps": 150568.8,
  "throughput_samples_per_s": 150568.8,
  "latency_ms_per_sample": 0.006641483413824012
}