{
  "mae": [
    0.10074446261591154,
    0.0904207207983056,
    0.10376578301812098
  ],
  "rmse": [
    0.17749367840056762,
    0.17153064438084797,
    0.181728465607351
  ],
  "l2_mean": 0.1959875441458376,
  "n_samples": 604337,
  "runtime_s": 2.487,
  "throughput_sps": 242983.7,
  "throughput_samples_per_s": 242983.7,
  "latency_ms_per_sample": 0.004115502443179689
}