{
  "mae": [
    0.1384413089603044,
    0.12732550557272537,
    0.14844210175927128
  ],
  "rmse": [
    0.2352601758619378,
    0.23533643407055535,
    0.2553077568499897
  ],
  "l2_mean": 0.2754732411174826,
  "n_samples": 604336,
  "runtime_s": 2.496,
  "throughput_sps": 242139.3,
  "throughput_samples_per_s": 242139.3,
  "latency_ms_per_sample": 0.004129853922332013
}