k,axis,mse,T
1,all,0.013110831336099788,2000
2,all,0.026647628893429365,2000
3,all,0.04517951300387814,2000
4,all,0.06632671588602203,2000
