{
  "mae": [
    0.053625620901584625,
    0.04785645008087158,
    0.053635124117136
  ],
  "rmse": [
    0.09807857125997543,
    0.09711315482854843,
    0.09870042651891708
  ],
  "l2_mean": 0.10311497002840042,
  "n_samples": 604338,
  "runtime_s": 2.329,
  "throughput_sps": 259505.0,
  "throughput_samples_per_s": 259505.0,
  "latency_ms_per_sample": 0.003853489603513043
}