{
  "mae": [
    0.16707377135753632,
    0.16029226779937744,
    0.1873249113559723
  ],
  "rmse": [
    0.2760798931121826,
    0.2926061451435089,
    0.3197813034057617
  ],
  "l2_mean": 0.3428252637386322,
  "n_samples": 604335,
  "runtime_s": 4.391,
  "throughput_sps": 137616.5,
  "throughput_samples_per_s": 137616.5,
  "latency_ms_per_sample": 0.007266570527935126
}