{
  "mae": [
    0.06271577626466751,
    0.0682995617389679,
    0.057179104536771774
  ],
  "rmse": [
    0.1744440793991089,
    0.1960512399673462,
    0.1481763869524002
  ],
  "l2_mean": 0.12610220909118652,
  "latency_ms_per_sample": 0.22990554775812952,
  "throughput_samples_per_s": 4349.612307102928,
  "n_samples": 65994
}