{
  "mae": [
    0.04927702248096466,
    0.04984144866466522,
    0.046095624566078186
  ],
  "rmse": [
    0.13949784636497498,
    0.1286405771970749,
    0.11386451870203018
  ],
  "l2_mean": 0.09815745800733566,
  "n_samples": 66713,
  "runtime_s": 0.271,
  "throughput_sps": 246603.9,
  "throughput_samples_per_s": 246603.9,
  "latency_ms_per_sample": 0.004055085215990502
}