{
  "mae": [
    0.12262544441015198,
    0.1335001395066204,
    0.12088606358850484
  ],
  "rmse": [
    0.3631383997192807,
    0.33877240536795494,
    0.29012365488986425
  ],
  "l2_mean": 0.2556424381969473,
  "n_samples": 66711,
  "runtime_s": 1.863,
  "throughput_sps": 35812.4,
  "throughput_samples_per_s": 35812.4,
  "latency_ms_per_sample": 0.027923278020300268
}