{
  "mae": [
    0.09241066128015518,
    0.11308319866657257,
    0.1044515073299408
  ],
  "rmse": [
    0.26292988657951355,
    0.30636653304100037,
    0.25383222103118896
  ],
  "l2_mean": 0.20985619723796844,
  "latency_ms_per_sample": 0.22502238754011164,
  "throughput_samples_per_s": 4444.002265426785,
  "n_samples": 65754
}