{
  "mae": [
    0.1480898016511978,
    0.16601582950207303,
    0.14869297758814945
  ],
  "rmse": [
    0.45050715843834277,
    0.4201977613991009,
    0.3580553462689408
  ],
  "l2_mean": 0.3147462898368929,
  "n_samples": 66710,
  "runtime_s": 1.895,
  "throughput_sps": 35199.4,
  "throughput_samples_per_s": 35199.4,
  "latency_ms_per_sample": 0.028409566781392146
}