{
  "mae": [
    0.08152469247579575,
    0.08805982023477554,
    0.09012843668460846
  ],
  "rmse": [
    0.13447435200214386,
    0.1468152105808258,
    0.13459886610507965
  ],
  "l2_mean": 0.1726047396659851,
  "latency_ms_per_sample": 0.026332934413027916,
  "throughput_samples_per_s": 37975.25882665251,
  "n_samples": 595122
}