{
  "mae": [
    0.10065046697854996,
    0.0903148204088211,
    0.10367808490991592
  ],
  "rmse": [
    0.17741456627845764,
    0.17134709656238556,
    0.18162360787391663
  ],
  "l2_mean": 0.19590899348258972,
  "n_samples": 604337,
  "runtime_s": 2.961,
  "throughput_sps": 204107.1,
  "throughput_samples_per_s": 204107.1,
  "latency_ms_per_sample": 0.004899389248077606
}