{
  "mae": [
    0.09374913573265076,
    0.1218850314617157,
    0.10776238888502121
  ],
  "rmse": [
    0.2556343674659729,
    0.32416537404060364,
    0.25713029503822327
  ],
  "l2_mean": 0.21786051988601685,
  "latency_ms_per_sample": 0.2197194336561274,
  "throughput_samples_per_s": 4551.25877288148,
  "n_samples": 65754
}