{
  "mae": [
    0.09450996667146683,
    0.11393698304891586,
    0.09423825144767761
  ],
  "rmse": [
    0.15390223264694214,
    0.18536342680454254,
    0.15732578933238983
  ],
  "l2_mean": 0.20202799141407013,
  "latency_ms_per_sample": 0.02758203325913372,
  "throughput_samples_per_s": 36255.485250307014,
  "n_samples": 592995
}